ax;ay;az;gx;gy;gz
257;257;257;257;257;257
293;737;3526;-17;-43;19
295;729;3474;-4;2;2
287;745;3510;-2;-3;3
290;744;3517;-2;-1;1
293;721;3511;0;3;0
289;716;3478;0;0;-2
287;716;3495;-1;4;0
4112;4112;4112;4112;4112;4112
4159;146;-634;-12;-37;19
4159;169;-581;8;-1;-6
4168;166;-609;4;-5;-7
4162;165;-585;2;-6;-7
4170;169;-596;2;-4;-6
4157;173;-632;-3;-6;-7
4186;167;-616;-1;-5;-7
4172;145;-606;-2;-6;-4
4165;146;-608;1;-3;-7
4147;145;-615;1;-4;-7
4179;163;-594;0;-3;-8
4159;145;-598;-1;-4;-6
4157;138;-608;1;-2;-10
4148;155;-596;2;-2;-6
4150;164;-627;3;-4;-9
4186;164;-620;4;-7;-12
4163;161;-632;1;-6;-11
4170;132;-622;3;-7;-12
4170;156;-622;2;1;-9
4180;168;-641;-2;-2;-10
4176;147;-662;3;2;-11
4190;178;-672;0;4;-11
4187;152;-651;-1;5;-10
4190;180;-583;-1;6;-8
4170;198;-658;-4;8;-8
4158;167;-641;-2;8;-4
4146;186;-607;1;7;1
4148;196;-616;-3;4;4
4169;180;-581;-5;8;1
4141;166;-607;-4;11;6
4144;155;-615;-4;5;7
4144;148;-594;-2;7;5
4150;156;-559;1;1;7
4132;128;-579;-1;1;4
4156;138;-564;4;-4;2
4166;142;-591;5;-5;1
4169;121;-581;6;-6;-1
4176;148;-593;4;-9;-1
4177;142;-578;4;-9;-4
4192;142;-597;5;-15;-5
4188;158;-595;3;-16;-4
4190;142;-592;3;-17;-7
4169;135;-613;4;-17;-9
4180;156;-594;1;-17;-12
4158;164;-616;2;-18;-12
4173;155;-618;2;-16;-9
4167;164;-599;-1;-21;-9
4180;155;-611;2;-20;-12
4171;170;-620;-2;-21;-14
4175;147;-610;0;-24;-13
4158;174;-574;0;-22;-15
4181;140;-569;2;-22;-10
4167;158;-634;6;-25;-11
4152;170;-572;4;-26;-12
4160;137;-624;6;-21;-11
4163;142;-640;5;-23;-13
4127;184;-616;2;-18;-13
4167;163;-598;5;-20;-10
4159;167;-640;6;-14;-10
4163;170;-642;4;-10;-8
4166;162;-660;-2;-9;-8
4170;170;-644;1;-10;-8
4179;166;-638;5;-8;-6
4181;150;-654;2;-3;-7
4197;146;-636;0;-1;-5
4205;141;-643;0;0;-9
4198;153;-597;0;-1;-10
4183;157;-613;0;0;-8
4175;159;-639;2;2;-8
4164;168;-616;2;1;-6
4155;168;-598;0;-4;-4
4173;169;-599;0;-2;-5
4134;148;-618;2;-3;-7
4134;151;-608;1;-5;-7
4156;157;-587;2;-4;-8
4140;137;-614;2;-4;-9
4169;161;-577;3;-1;-11
4149;138;-609;4;-3;-10
4172;155;-583;2;-7;-12
4175;168;-571;3;-6;-11
4181;159;-612;2;-5;-11
4169;165;-588;4;-8;-11
4205;188;-605;1;-8;-8
4178;149;-554;-2;-10;-12
4186;151;-590;-2;-13;-11
4188;149;-614;0;-15;-9
4154;158;-571;1;-20;-6
4156;168;-599;2;-24;-7
4167;142;-580;3;-26;-8
4158;128;-612;5;-25;-7
4137;134;-579;6;-26;-12
4144;159;-598;5;-28;-14
4157;141;-610;5;-28;-14
4165;144;-627;5;-26;-16
4182;166;-611;5;-27;-18
4180;161;-611;9;-24;-20
4191;187;-620;6;-27;-19
4191;189;-596;6;-22;-13
4184;200;-611;6;-24;-11
4166;196;-600;5;-26;-8
4160;189;-628;2;-23;2
4153;181;-634;2;-24;2
4139;172;-609;-2;-24;2
4126;131;-586;-1;-24;6
4132;148;-597;-4;-24;5
4150;164;-625;2;-24;3
4148;159;-615;0;-21;4
4177;168;-656;3;-19;4
4181;151;-613;3;-19;-1
4186;168;-619;1;-18;-2
4197;157;-625;-1;-16;6
4177;147;-613;1;-15;3
4173;148;-591;-3;-11;1
4194;137;-613;0;-12;-1
4177;119;-587;-1;-15;-1
4180;132;-600;-2;-16;-1
4169;157;-609;5;-19;-3
4189;115;-599;1;-19;-3
4180;137;-611;1;-22;-8
4153;142;-581;1;-25;-10
4160;158;-631;-1;-19;-13
4138;161;-624;0;-24;-10
4142;169;-628;2;-19;-10
4173;149;-626;-1;-21;-15
4150;154;-602;-3;-22;-14
4159;172;-616;1;-21;-15
4190;165;-607;2;-23;-16
4175;173;-623;2;-20;-14
4178;180;-587;10;-26;-11
4168;163;-609;9;-24;-8
4167;187;-621;7;-31;-1
4143;198;-607;8;-33;3
4157;194;-679;5;-32;1
4146;180;-617;6;-32;8
4159;183;-625;4;-30;7
4181;173;-640;6;-31;12
4177;175;-617;5;-33;13
4178;182;-640;5;-29;12
4191;155;-630;8;-24;13
4194;144;-622;8;-23;12
4199;156;-661;4;-23;12
4170;134;-628;2;-15;9
4181;148;-677;3;-13;6
4167;119;-659;4;-12;5
4190;116;-669;-4;-4;1
4209;118;-628;1;-2;1
4191;79;-656;-4;0;-5
4189;69;-605;-4;2;-10
4188;92;-625;-5;-1;-19
4195;89;-667;0;4;-27
4181;88;-646;-4;5;-33
4183;128;-612;3;7;-37
4198;146;-619;2;5;-44
4179;172;-615;-1;8;-44
4165;198;-619;-1;7;-42
4166;197;-622;-4;11;-46
4161;177;-612;-5;14;-42
4141;207;-631;1;13;-37
4145;203;-597;-1;11;-35
4151;197;-602;-1;5;-31
4150;203;-622;0;6;-23
4124;208;-582;1;6;-21
4160;183;-594;0;2;-16
4146;198;-562;4;0;-12
4128;203;-603;2;-5;-5
4140;208;-590;0;-5;-4
4143;181;-604;0;-8;-1
4154;190;-590;0;-9;4
4167;174;-596;3;-10;1
4156;164;-637;0;-10;3
4164;157;-577;0;-15;4
4187;145;-628;5;-13;2
4154;138;-618;3;-12;3
4161;153;-623;3;-12;2
4169;156;-632;5;-14;-1
4168;162;-637;7;-12;2
4173;172;-619;8;-11;-2
4161;154;-606;8;-9;0
4167;162;-602;8;-8;0
4193;176;-636;7;-9;-2
4187;160;-617;5;-7;-1
4190;161;-656;3;-11;-1
4182;143;-626;1;-14;-3
4179;166;-615;2;-12;-1
4175;159;-635;2;-13;-2
4192;128;-615;5;-12;-2
4184;126;-599;3;-12;-5
4171;127;-599;0;-12;-6
4154;142;-607;3;-10;-8
4165;144;-637;4;-15;-12
4146;144;-591;0;-13;-8
4160;138;-621;2;-11;-12
4169;154;-663;2;-13;-12
4181;142;-614;2;-11;-14
4177;123;-643;2;-14;-16
4178;125;-643;6;-9;-16
4161;137;-640;5;-12;-18
4191;144;-590;6;-10;-23
4208;147;-579;7;-13;-21
4180;162;-621;4;-12;-25
4162;167;-642;6;-12;-23
4181;168;-649;4;-6;-22
4173;176;-642;3;-8;-21
4185;180;-600;1;-9;-18
4189;173;-616;0;-7;-17
4146;175;-614;-1;-6;-14
4145;183;-611;-2;-2;-14
4149;187;-614;0;-3;-10
4161;174;-625;-3;-8;-13
4163;204;-616;-3;-5;-6
4168;199;-628;-2;-5;-7
4149;208;-597;0;-6;-8
4166;170;-590;1;-10;-3
4172;192;-573;-1;-13;-1
4177;177;-585;-3;-6;-1
4174;166;-628;-1;-10;0
4167;150;-606;2;-16;-1
4161;144;-625;5;-15;-2
4175;162;-599;2;-12;-4
4168;153;-608;6;-14;-5
4183;154;-767;13;-11;-4
4170;143;-575;21;-2;-4
4173;139;-552;-1;-10;-9
4187;127;-593;-14;-18;-11
4173;151;-625;6;-15;-14
4162;163;-594;17;-14;-18
4165;144;-662;11;-15;-16
4140;150;-608;6;-22;-14
4120;171;-647;14;-19;-13
4162;199;-621;15;-17;-16
4161;197;-654;8;-17;-10
4147;190;-639;9;-17;-11
4174;194;-684;6;-10;-8
4204;176;-627;5;-11;-2
4192;173;-652;1;-8;-4
4200;183;-663;3;-7;1
4193;198;-615;1;-4;2
4199;180;-641;1;-2;4
4157;172;-621;3;-1;5
4187;149;-619;1;-3;7
4160;158;-607;-1;0;10
4154;140;-614;-2;-1;8
4159;146;-617;0;-2;6
4167;117;-628;1;1;3
4156;129;-598;0;1;5
4154;129;-619;-2;-1;0
4167;140;-635;3;1;-2
4174;126;-620;2;-1;-8
4161;137;-594;3;-2;-7
4177;130;-638;5;-4;-11
4144;145;-607;5;0;-10
4192;167;-652;3;-2;-15
4175;157;-640;4;-5;-16
4166;170;-617;5;0;-15
4203;165;-624;2;-1;-18
4189;176;-605;2;-2;-15
4177;190;-640;1;-3;-12
4157;190;-591;3;-4;-12
4174;171;-588;2;-2;-12
4154;175;-613;6;-6;-10
4133;193;-599;-2;-7;-6
4140;198;-633;5;-11;-4
4163;182;-605;5;-9;-2
4146;186;-633;3;-11;0
4164;171;-644;-1;-8;0
4168;179;-620;1;-9;2
4184;165;-612;-2;-8;4
4180;157;-597;-1;-8;2
4192;147;-613;-4;-5;-1
4195;142;-653;-6;-5;0
4191;142;-613;-3;-3;-3
4196;123;-611;-2;-2;0
4173;122;-596;-2;0;-6
4170;135;-619;2;-2;-12
4175;129;-591;2;0;-10
4149;128;-569;3;-6;-10
4133;153;-605;1;-3;-11
4140;175;-605;8;-4;-15
4143;191;-608;6;-9;-14
4155;166;-607;3;-9;-14
4153;171;-589;3;-8;-15
4158;166;-583;-1;-10;-16
4159;148;-602;-1;-17;-16
4191;185;-586;1;-17;-16
4181;173;-607;1;-17;-14
4176;170;-644;-2;-16;-11
4185;175;-630;-2;-18;-11
4181;155;-620;0;-14;-14
4194;159;-597;2;-14;-15
4163;161;-616;6;-13;-13
4176;163;-644;3;-16;-12
4152;162;-602;6;-14;-13
4155;160;-584;2;-15;-16
4148;185;-615;2;-17;-15
4144;174;-586;5;-17;-14
4158;161;-613;4;-19;-14
4148;156;-618;4;-19;-16
4169;180;-619;1;-22;-16
4173;165;-585;3;-23;-13
4177;159;-613;5;-23;-15
4181;166;-661;5;-22;-14
4194;182;-652;7;-18;-13
4166;183;-658;2;-16;-13
4186;179;-641;2;-14;-10
4179;167;-651;2;-11;-8
4159;164;-634;1;-12;-11
4189;180;-629;2;-7;-8
4186;153;-608;1;-8;-9
4173;164;-640;-1;-7;-5
4155;176;-604;-4;-3;-9
4168;182;-612;0;-8;-7
4162;164;-621;2;-8;-4
4163;187;-605;0;-8;-6
4165;148;-623;-2;-8;-7
4168;152;-621;-2;-7;-5
4157;156;-611;1;-9;-7
4143;151;-628;1;-9;-9
4157;169;-581;2;-11;-7
4167;197;-614;2;-9;-5
4176;184;-616;0;-10;-7
4166;174;-627;0;-9;-2
4163;164;-646;2;-8;-1
4151;176;-636;3;-6;-2
4161;143;-615;0;-11;-4
4169;142;-609;1;-9;-4
4143;133;-625;1;-11;-6
4178;150;-605;4;-11;-7
4168;148;-634;7;-9;-10
4176;166;-589;5;-14;-8
4172;172;-611;4;-15;-12
4175;191;-597;6;-15;-8
4183;166;-604;3;-15;-6
4159;172;-604;1;-20;-7
4171;192;-610;2;-20;-5
4172;166;-643;1;-20;-3
4178;139;-629;0;-24;-1
4182;148;-626;-1;-26;-2
4158;142;-624;1;-24;-4
4180;151;-625;2;-22;-8
4158;163;-626;4;-21;-9
4165;159;-643;5;-23;-8
4181;183;-649;7;-20;-8
4164;191;-619;5;-17;-10
4197;186;-673;7;-18;-6
4173;181;-645;5;-14;-9
4175;183;-669;3;-13;-5
4152;175;-640;3;-9;-5
4172;183;-651;-3;-7;-4
4176;175;-630;1;-3;-4
4180;158;-642;-1;-6;-2
4175;145;-643;-2;-1;-3
4175;157;-652;0;1;-4
4181;161;-646;0;0;-3
4174;162;-608;0;4;-3
4160;162;-636;2;3;-6
4175;158;-651;3;5;-8
4153;150;-624;0;7;-5
4172;175;-630;2;6;-6
4160;185;-604;1;7;-6
4165;163;-590;-2;11;-4
4154;159;-616;-3;10;-5
4167;179;-619;0;9;-4
4186;171;-617;1;7;-5
4187;155;-618;-1;1;-4
4158;144;-576;-2;-2;-4
4166;153;-594;-2;0;-6
4172;161;-595;-7;-3;-12
4175;154;-580;0;-6;-9
4165;151;-589;-1;-7;-9
4154;176;-629;-4;-12;-8
4159;163;-594;-3;-9;-6
4166;157;-619;2;-11;-6
4166;169;-587;1;-11;-7
4149;160;-596;2;-13;-8
4153;159;-610;3;-14;-8
4139;163;-606;4;-16;-8
4133;168;-626;4;-15;-6
4137;144;-597;2;-16;-10
4190;138;-606;2;-20;-10
4155;159;-604;4;-20;-11
4171;170;-599;6;-21;-8
4188;142;-636;3;-22;-10
4181;166;-604;6;-21;-11
4184;184;-608;4;-22;-10
4165;188;-600;4;-22;-11
4187;189;-605;5;-20;-8
4151;181;-636;6;-20;-4
4149;195;-639;3;-22;-1
4159;176;-640;4;-16;-1
4171;183;-655;3;-16;2
4160;165;-652;1;-10;4
4148;167;-651;0;-12;3
4180;148;-653;0;-9;6
4198;140;-642;-1;-3;3
4179;133;-651;-3;-6;1
4176;130;-643;-1;-5;-4
4180;126;-598;2;-5;-4
4194;116;-632;4;-9;-10
4169;135;-585;7;-6;-12
4187;139;-619;7;-7;-17
4177;150;-620;9;-6;-17
4170;181;-633;5;-3;-16
4187;190;-613;5;-4;-16
4180;188;-622;4;-5;-16
4174;203;-659;1;-6;-12
4174;195;-621;-2;-3;-11
4180;179;-659;0;-2;-10
4157;205;-641;-2;1;-10
4149;168;-639;-5;-1;-6
4172;182;-656;0;1;-4
4195;179;-625;-1;2;0
4175;186;-618;0;3;-3
4148;193;-608;0;2;1
4154;184;-617;-3;-2;-1
4165;177;-597;-4;-1;3
4171;177;-593;-5;-6;4
4172;160;-593;-5;-5;6
4151;136;-572;-1;-4;5
4159;144;-612;2;-6;5
4137;134;-577;4;-8;4
4166;153;-605;5;-13;1
4176;162;-615;7;-14;1
4181;158;-624;7;-17;-4
4176;147;-635;6;-15;-6
4181;140;-618;3;-13;-4
4175;153;-649;-1;-12;-6
4174;153;-674;2;-16;-7
4183;152;-648;2;-10;-8
4182;120;-637;1;-8;-11
4187;127;-658;3;-6;-14
4159;137;-609;9;-5;-16
4182;169;-634;5;-5;-19
4172;158;-612;4;-2;-18
4185;171;-618;5;-4;-20
4178;182;-612;1;-2;-18
4152;198;-631;0;-5;-16
4162;204;-598;-1;-5;-9
4143;186;-630;-2;-5;-9
4163;183;-584;1;-4;-7
4133;185;-646;-1;-6;-4
4131;193;-595;2;-6;-3
4152;179;-610;-2;-4;-1
4173;178;-611;0;-7;-3
4177;160;-617;1;-5;-1
4171;172;-630;0;-10;-1
4188;157;-602;2;-10;-1
4192;159;-614;-2;-8;-3
4179;162;-609;1;-8;-3
4173;168;-626;4;-10;-3
4148;148;-614;5;-9;-3
4161;167;-636;5;-10;-3
4158;167;-605;5;-12;-1
4122;171;-612;4;-12;-3
4155;157;-610;3;-12;-2
4158;174;-611;0;-15;-5
4157;164;-633;-1;-15;-4
4183;161;-586;-1;-16;-4
4164;186;-566;4;-20;0
4199;164;-584;4;-22;-2
4194;158;-621;2;-24;-2
4154;154;-585;2;-24;-3
4173;136;-632;2;-28;-6
4188;144;-651;2;-23;-4
4191;157;-640;6;-19;-8
4156;166;-647;8;-23;-8
4162;173;-678;6;-21;-8
4167;173;-635;8;-22;-7
4177;175;-623;5;-13;-7
4177;168;-667;1;-10;-12
4164;174;-655;-1;-8;-13
4191;157;-645;1;-6;-12
4179;171;-680;-2;-5;-11
4195;171;-629;-3;-6;-10
4189;155;-623;-2;-2;-7
4152;152;-628;-2;-1;-10
4169;180;-648;-3;-3;-9
4148;164;-627;0;-3;-7
4159;151;-660;1;1;-8
4136;151;-641;0;-1;-4
4146;163;-639;0;0;-8
4162;169;-640;-3;-1;-8
4167;158;-637;0;1;-7
4166;162;-608;-3;5;-6
4181;163;-621;-4;-1;-4
4184;171;-635;-6;3;-5
4178;179;-615;-4;3;-4
4177;164;-600;0;10;-4
4175;174;-567;0;1;-5
4169;142;-594;2;-2;-2
4150;149;-589;3;0;-3
4171;158;-597;7;-1;-4
4150;177;-599;6;-5;-3
4156;165;-606;5;-4;-4
4135;177;-602;6;-10;0
4174;157;-620;5;-10;0
4156;181;-619;3;-11;0
4157;150;-661;6;-9;1
4161;130;-605;1;-13;2
4168;148;-617;1;-14;0
4183;162;-605;0;-12;2
4176;156;-637;-2;-13;-2
4198;145;-629;-3;-12;0
4206;137;-650;-2;-10;-3
4195;132;-639;2;-10;-8
4158;126;-613;0;-9;-9
4172;159;-604;6;-10;-11
4171;161;-621;4;-7;-13
4153;164;-598;2;-12;-11
4162;160;-629;2;-12;-14
4162;155;-603;4;-14;-12
4178;151;-619;1;-13;-14
4166;166;-636;0;-9;-15
4180;167;-612;3;-12;-15
4152;161;-643;4;-9;-12
4168;174;-657;2;-7;-14
4175;171;-603;2;-9;-15
4164;188;-648;3;-7;-13
4182;197;-657;1;-3;-13
4167;221;-663;-3;-1;-7
4162;185;-646;-5;-2;-3
4153;157;-638;-6;-2;-1
4166;181;-654;-8;1;1
4166;167;-640;-4;2;1
4167;169;-615;-6;1;0
4166;152;-628;-2;0;-1
4163;155;-645;5;0;-3
4142;171;-578;3;-1;-3
4157;151;-578;1;-6;-4
4149;171;-596;2;-7;0
4151;164;-595;5;-5;0
4158;181;-615;0;-7;0
4168;173;-650;-2;-7;0
4154;173;-606;-3;-7;2
4174;171;-601;-3;-9;5
4183;152;-628;-4;-11;0
4179;148;-606;0;-12;-1
4202;149;-636;0;-15;-2
4194;161;-607;2;-13;-5
4186;161;-594;-1;-20;-4
4163;174;-591;6;-12;-3
4163;181;-590;12;-16;-2
4150;180;-635;4;-14;-2
4165;180;-593;6;-20;1
4155;164;-628;7;-20;3
4160;164;-653;6;-19;5
4155;151;-666;5;-13;2
4169;145;-694;5;-15;3
4189;148;-685;1;-12;1
4191;144;-654;2;-7;1
4212;139;-692;-1;1;-4
4213;142;-642;-1;3;-3
4215;148;-645;-3;2;-7
4215;132;-628;-1;6;-12
4178;138;-625;-4;11;-14
4176;149;-666;1;12;-17
4155;140;-647;4;14;-16
4147;134;-610;2;15;-17
4146;153;-630;-1;16;-19
4137;161;-596;0;16;-23
4134;153;-622;-1;10;-24
4127;165;-618;-1;6;-23
4143;177;-574;0;6;-23
4165;157;-603;-2;2;-19
4173;170;-546;-3;0;-22
4164;204;-567;1;-5;-19
4165;198;-604;1;-7;-16
4173;198;-582;2;-7;-15
4166;197;-601;3;-8;-14
4165;190;-598;2;-9;-11
4152;196;-596;-2;-11;-5
4137;198;-598;0;-15;-5
4152;170;-604;2;-18;-3
4155;189;-628;1;-20;-1
4163;177;-588;0;-22;2
4168;164;-599;1;-24;2
4161;164;-588;3;-25;3
4171;161;-557;0;-30;6
4168;164;-612;2;-30;7
4159;161;-601;5;-32;9
4161;151;-590;4;-39;6
4164;134;-616;3;-41;5
4163;121;-604;7;-42;4
4147;113;-631;8;-42;2
4179;128;-643;9;-40;-1
4173;127;-648;12;-41;-5
4173;145;-658;12;-39;-9
4178;149;-657;11;-34;-9
4194;130;-698;6;-38;-11
4192;167;-672;3;-29;-17
4203;165;-637;4;-25;-16
4186;158;-669;8;-24;-18
4175;159;-657;6;-18;-14
4176;159;-667;3;-14;-13
4181;189;-652;1;-14;-11
4162;192;-655;1;-11;-12
4158;193;-635;0;-12;-10
4161;166;-646;-2;-7;-9
4130;184;-608;-3;-5;-7
4148;194;-649;1;-6;-6
4142;169;-652;6;-4;-4
4156;154;-618;5;-2;-1
4145;168;-601;7;1;-3
4137;175;-670;4;-1;-5
4175;176;-628;5;1;-5
4175;179;-633;7;2;-1
4174;177;-609;2;1;-6
4171;159;-591;-1;4;-8
4188;165;-627;-2;11;-8
4189;143;-628;0;8;-4
4208;135;-620;-5;11;-10
4192;163;-615;-3;7;-10
4180;163;-593;-1;7;-9
4182;165;-617;1;6;-9
4165;142;-595;1;1;-13
4158;175;-593;0;0;-11
4170;179;-586;0;0;-10
4151;149;-572;1;-5;-15
4171;148;-606;2;-7;-13
4164;166;-611;2;-5;-13
4153;160;-613;4;-8;-15
4133;165;-584;2;-16;-13
4159;175;-609;3;-11;-16
4165;183;-626;3;-13;-12
4183;153;-607;0;-14;-13
4183;159;-615;-1;-18;-12
4159;168;-575;-1;-17;-14
4185;161;-619;1;-18;-10
4172;165;-588;3;-23;-6
4164;177;-594;3;-24;-9
4144;170;-634;1;-21;-7
4158;157;-649;2;-23;-7
4142;174;-608;4;-25;-7
4160;187;-635;4;-24;-2
4141;170;-619;3;-23;-1
4137;174;-609;6;-22;0
4144;170;-615;1;-21;-1
4157;158;-629;-2;-18;0
4178;143;-658;0;-19;-3
4169;164;-641;0;-13;1
4168;153;-634;0;-13;-3
4200;141;-652;1;-12;-6
4197;147;-626;5;-13;-10
4183;126;-653;3;-10;-12
4191;130;-637;1;-8;-13
4190;144;-637;5;-6;-14
4183;167;-634;4;-3;-14
4153;179;-617;3;-3;-12
4155;195;-613;3;-2;-15
4168;189;-646;3;2;-15
4173;203;-659;0;0;-10
4144;176;-615;4;-2;-9
4138;185;-630;-4;-1;-7
4142;197;-628;-3;3;-3
4147;181;-591;-3;4;1
4168;168;-626;-3;-1;1
4185;144;-614;-1;2;-2
4180;145;-648;-1;0;-2
4190;153;-610;-2;5;-2
4181;167;-629;2;-1;-2
4190;172;-613;-1;3;-2
4202;176;-585;2;-2;-4
4175;162;-648;3;0;-2
4161;165;-602;-2;-5;-3
4168;231;-607;-1;-6;-2
4156;268;-766;6;-5;6
4173;45;-608;20;6;17
4129;78;-542;3;1;0
4146;153;-602;-22;-15;-12
4178;153;-659;-4;-9;-5
4158;140;-596;17;-4;0
4164;99;-581;9;-2;-6
4161;148;-627;-1;-11;-16
4159;194;-618;3;-9;-19
4169;173;-639;7;-6;-10
4171;184;-625;1;-9;-6
4208;158;-635;-5;-10;-7
4182;173;-647;-1;-5;-8
4173;180;-611;1;-8;-7
4185;158;-637;4;-10;-4
4146;179;-627;1;-8;-4
4168;171;-639;0;-7;-7
4178;160;-598;1;-4;-5
4176;154;-621;4;-2;-5
4167;152;-636;0;-8;-8
4166;135;-633;2;-8;-7
4167;152;-618;3;-5;-11
4169;161;-623;4;-7;-10
4175;167;-635;1;-6;-10
4173;155;-615;2;-3;-11
4183;181;-637;3;-4;-10
4183;186;-619;-1;-2;-9
4182;179;-630;-2;-1;-6
4168;164;-639;-6;-2;-5
4174;164;-636;-3;-4;-7
4172;159;-622;-3;-5;-4
4152;155;-648;-5;-6;-7
4147;179;-575;0;-6;-5
4136;166;-611;1;-8;-6
4159;159;-591;-1;-7;-6
4148;170;-619;4;-6;-12
4160;156;-620;3;-10;-13
4171;171;-607;2;-13;-11
4160;165;-606;5;-13;-11
4170;159;-602;1;-9;-12
4185;195;-627;0;-10;-14
4168;159;-621;0;-12;-13
4161;172;-622;-1;-8;-11
4187;172;-647;1;-9;-13
4165;190;-628;4;-9;-10
4171;189;-593;0;-9;-10
4161;178;-591;1;-6;-8
4160;161;-668;2;-9;-6
4140;184;-635;4;-10;-9
4173;165;-621;4;-10;-8
4168;168;-631;3;-11;-7
4173;186;-634;3;-9;-9
4173;175;-624;1;-8;-8
4174;188;-622;1;-10;-8
4166;176;-628;0;-7;-7
4199;174;-629;0;-9;-7
4160;170;-629;2;-9;-7
4158;162;-648;3;-13;-7
4174;179;-655;0;-5;-8
4185;159;-634;1;-4;-7
4186;189;-650;0;-3;-2
4178;160;-618;-5;-6;-5
4159;154;-600;-3;-6;-7
4185;141;-606;0;-2;-8
4162;180;-628;3;-4;-5
4167;202;-601;6;-5;-4
4160;187;-630;6;-3;-6
4131;186;-623;5;-2;1
4142;187;-612;3;-4;1
4164;189;-625;1;-8;-1
4144;187;-616;3;-11;4
4175;174;-613;-6;-9;7
4176;165;-615;-3;-9;6
4181;141;-602;-4;-12;6
4178;137;-584;-2;-8;3
4170;133;-577;-2;-14;3
4187;127;-619;0;-16;2
4175;119;-576;3;-20;-5
4176;119;-605;3;-23;-7
4180;137;-587;2;-25;-10
4162;136;-628;8;-24;-14
4144;144;-616;7;-27;-14
4154;157;-632;7;-31;-14
4164;159;-645;6;-27;-16
4160;147;-653;5;-27;-18
4171;171;-652;8;-28;-21
4177;166;-668;5;-28;-19
4174;169;-665;5;-26;-19
4204;195;-692;5;-18;-19
4183;190;-684;3;-18;-17
4167;204;-688;-1;-15;-17
4182;207;-663;2;-10;-13
4182;188;-649;2;-3;-9
4172;175;-659;-1;-2;-6
4164;204;-649;-2;-3;-7
4179;173;-629;-2;4;-5
4134;159;-594;-2;6;-4
4148;162;-629;-3;5;-3
4185;147;-618;-1;4;-3
4158;148;-587;1;5;-6
4155;159;-576;-2;2;-3
4154;168;-628;1;1;-8
4162;163;-622;2;2;-6
4182;184;-614;0;2;-5
4171;161;-608;1;2;-3
4158;169;-586;-2;-1;-6
4184;179;-618;-1;1;-9
4183;180;-606;-1;2;-4
4184;186;-626;0;0;-4
4175;186;-634;-2;3;-3
4182;191;-605;-4;-1;-3
4164;182;-623;-1;0;-2
4170;180;-601;-4;-8;-2
4155;159;-596;-3;-5;-1
4182;169;-603;0;-4;0
4152;155;-581;0;-8;-2
4150;149;-587;-3;-8;-3
4182;148;-609;2;-10;-6
4184;133;-587;3;-14;-6
4194;159;-606;1;-19;-6
4164;151;-606;4;-21;-9
4175;166;-630;4;-25;-8
4150;167;-636;6;-26;-8
4153;177;-623;5;-24;-8
4167;175;-612;5;-28;-11
4162;156;-635;0;-25;-9
4133;159;-622;0;-22;-11
4146;167;-632;5;-27;-12
4156;169;-618;-4;-23;-11
4183;177;-678;0;-24;-9
4186;173;-657;0;-20;-9
4178;187;-674;0;-21;-9
4184;165;-642;5;-14;-9
4201;175;-651;-3;-15;-7
4149;190;-658;-1;-13;-6
4178;183;-652;0;-11;-2
4179;163;-633;0;-11;0
4147;172;-638;1;-9;-1
4153;149;-625;2;-10;-1
4167;139;-645;3;-7;-2
4178;160;-640;6;-8;-4
4157;182;-635;4;-7;-4
4181;166;-643;5;-6;-2
4181;208;-650;6;-2;-3
4163;171;-649;3;-2;-2
4186;199;-636;-1;2;-1
4207;179;-620;2;4;3
4179;189;-633;-3;6;4
4185;164;-656;-6;9;3
4174;156;-632;-6;10;8
4177;165;-613;-2;10;5
4166;158;-627;-1;7;6
4159;146;-602;-1;7;1
4163;149;-634;-2;12;0
4163;139;-598;-1;7;0
4161;145;-622;1;5;-4
4175;155;-593;2;4;-5
4178;151;-588;0;1;-8
4164;175;-607;-1;-2;-7
4167;166;-618;-1;-6;-7
4163;141;-592;0;-5;-6
4174;168;-602;0;-6;-10
4151;144;-617;0;-9;-10
4161;153;-593;0;-12;-12
4175;161;-607;2;-18;-12
4160;161;-610;-1;-15;-11
4159;160;-601;4;-18;-10
4182;152;-597;0;-18;-13
4172;145;-612;3;-18;-10
4179;150;-619;1;-21;-12
4176;153;-622;2;-21;-10
4182;165;-623;1;-21;-14
4152;153;-653;4;-20;-11
4164;186;-631;2;-19;-12
4162;169;-634;0;-22;-12
4158;176;-642;2;-25;-11
4152;176;-624;4;-23;-8
4147;172;-622;-2;-22;-10
4162;170;-647;1;-20;-8
4169;162;-606;-1;-20;-11
4183;171;-590;0;-22;-12
4164;159;-637;2;-21;-10
4192;174;-633;1;-22;-9
4165;170;-601;4;-23;-6
4171;158;-620;2;-27;-5
4167;172;-593;4;-30;-4
4169;163;-613;4;-28;-3
4171;156;-633;4;-33;-4
4163;173;-634;5;-33;-6
4150;157;-598;3;-32;-2
4160;159;-604;1;-31;-4
4165;166;-623;3;-31;-5
4181;152;-620;4;-32;-7
4190;161;-630;4;-30;-9
4179;139;-604;4;-30;-7
4181;172;-613;3;-34;-11
4171;150;-612;4;-32;-14
4178;150;-634;1;-35;-14
4147;167;-634;4;-33;-16
4190;151;-629;1;-33;-19
4170;157;-652;3;-34;-16
4175;164;-679;1;-33;-16
4151;162;-640;1;-32;-12
4193;174;-635;0;-37;-15
4162;154;-612;-1;-32;-15
4180;155;-623;3;-30;-14
4170;166;-656;4;-26;-14
4150;174;-677;4;-29;-13
4128;188;-653;4;-26;-17
4171;184;-658;4;-24;-16
4151;167;-643;2;-19;-14
4154;174;-664;2;-21;-12
4161;182;-660;3;-13;-9
4183;192;-627;3;-15;-11
4193;179;-660;3;-15;-9
4182;186;-621;2;-11;-8
4194;191;-649;7;-15;-9
4164;195;-655;6;-14;-7
4162;189;-620;1;-15;-5
4146;204;-665;4;-11;-2
4162;194;-625;5;-12;-1
4171;202;-625;2;-11;1
4148;200;-613;3;-11;3
4141;200;-612;2;-11;9
4150;192;-630;-2;-12;11
4165;171;-621;-1;-9;12
4167;178;-643;-3;-11;16
4165;144;-640;-3;-12;15
4172;131;-626;1;-8;16
4153;140;-578;-2;-13;13
4165;111;-606;3;-17;14
4154;133;-634;4;-20;7
4191;141;-616;6;-17;5
4183;133;-649;8;-21;2
4191;134;-663;8;-18;-1
4190;115;-647;6;-21;-3
4182;123;-650;4;-17;-10
4183;121;-640;3;-20;-8
4190;128;-640;4;-16;-11
4185;118;-657;5;-16;-17
4167;122;-679;3;-17;-23
4178;130;-635;1;-14;-28
4167;136;-625;3;-11;-28
4158;134;-640;3;-13;-32
4179;120;-632;3;-16;-34
4174;154;-626;4;-12;-40
4184;188;-582;2;-16;-38
4172;191;-609;5;-17;-35
4156;208;-614;1;-18;-34
4152;208;-602;5;-17;-30
4146;243;-606;3;-23;-26
4143;232;-598;3;-24;-24
4139;231;-607;5;-29;-19
4151;239;-593;6;-33;-8
4117;244;-618;7;-33;-7
4130;225;-650;5;-39;2
4153;217;-657;6;-36;3
4141;220;-633;4;-32;9
4151;215;-644;3;-36;13
4149;195;-643;4;-34;20
4163;192;-669;1;-34;24
4174;156;-654;6;-34;23
4179;136;-675;7;-32;22
4155;134;-660;6;-30;21
4159;112;-645;11;-32;16
4165;127;-666;10;-27;13
4177;119;-651;12;-25;11
4195;132;-652;11;-25;6
4187;152;-656;13;-23;3
4214;163;-677;11;-22;2
4195;158;-685;7;-20;3
4186;162;-715;10;-18;-2
4197;155;-692;6;-10;-3
4180;163;-645;7;-12;-5
4170;144;-672;7;-11;-4
4203;169;-644;4;-9;-5
4216;161;-636;3;-9;-6
4192;184;-634;-1;-12;-5
4198;168;-622;-2;-6;-4
4195;171;-645;1;-9;-5
4185;185;-656;3;-7;-2
4176;161;-645;0;-11;-2
4172;140;-650;0;-9;-3
4154;151;-639;1;-6;-4
4156;145;-645;1;-10;-4
4172;127;-699;2;-10;-7
4164;151;-686;5;-7;-4
4166;143;-688;5;-3;-7
4166;160;-709;6;0;-9
4189;161;-676;3;-2;-11
4178;166;-681;1;10;-11
4180;170;-722;0;11;-10
4177;168;-656;-2;17;-11
4185;165;-654;-2;20;-10
4168;188;-623;-2;29;-10
4157;196;-638;-2;27;-7
4174;214;-624;-5;21;-4
4165;193;-632;-4;27;2
4159;211;-663;-6;25;4
4153;194;-607;-5;28;6
4133;185;-613;-5;24;9
4149;193;-589;-6;21;10
4159;161;-638;-7;18;9
4159;158;-622;-4;20;13
4171;157;-591;-5;13;9
4168;142;-604;-5;13;9
4164;151;-628;-3;9;7
4175;119;-607;-6;7;2
4178;103;-602;-7;10;0
4157;116;-626;-7;4;-5
4191;102;-579;-6;4;-10
4168;131;-546;-3;-1;-16
4184;99;-562;-1;-7;-19
4161;155;-598;5;-10;-23
4121;176;-565;5;-12;-24
4147;159;-571;3;-19;-27
4140;176;-559;4;-26;-25
4170;199;-609;4;-28;-25
4144;168;-622;5;-31;-23
4142;183;-600;7;-32;-20
4157;213;-621;4;-40;-18
4149;178;-634;4;-39;-16
4163;183;-609;2;-40;-12
4189;170;-650;2;-40;-11
4179;175;-616;1;-41;-11
4197;198;-641;-1;-36;-9
4175;190;-658;3;-36;-6
4159;168;-652;7;-34;0
4174;178;-594;2;-35;-3
4166;193;-647;1;-34;3
4161;182;-636;2;-31;3
4151;172;-652;1;-34;3
4181;173;-668;1;-36;3
4166;178;-679;2;-30;5
4161;151;-676;5;-30;8
4182;149;-693;1;-23;2
4164;145;-700;6;-21;3
4148;177;-696;9;-22;2
4162;164;-687;6;-21;3
4163;174;-715;6;-15;2
4172;140;-682;4;-11;3
4170;148;-678;0;-10;0
4179;135;-667;2;-10;-1
4185;150;-660;2;-4;0
4200;134;-673;0;-5;-5
4204;132;-674;0;-3;-7
4187;139;-662;-1;1;-12
4199;158;-657;-3;2;-11
4186;165;-666;3;7;-12
4199;182;-658;2;8;-15
4173;197;-675;7;9;-6
4170;193;-655;6;9;-8
4155;194;-662;1;15;-8
4158;183;-656;-1;13;-7
4169;192;-668;0;19;-2
4164;187;-676;-4;19;-7
4159;155;-628;-2;19;-1
4162;163;-626;-4;23;0
4182;164;-639;0;27;2
417